<?xml version="1.0" encoding="UTF-8"?>

<beans xmlns="http://www.springframework.org/schema/beans"  
    xmlns:xsi="http://www.w3.org/2001/XMLSchema-instance"   
    xmlns:context="http://www.springframework.org/schema/context"  
    xmlns:tx="http://www.springframework.org/schema/tx"
    xmlns:mvc="http://www.springframework.org/schema/mvc"  
    xsi:schemaLocation="  
        http://www.springframework.org/schema/beans  
        http://www.springframework.org/schema/beans/spring-beans.xsd  
        http://www.springframework.org/schema/context  
        http://www.springframework.org/schema/context/spring-context.xsd  
        http://www.springframework.org/schema/mvc  
        http://www.springframework.org/schema/mvc/spring-mvc.xsd
            http://www.springframework.org/schema/tx 
    http://www.springframework.org/schema/tx/spring-tx.xsd">  
  
    <!-- Provide support for component scanning -->  
    <context:component-scan base-package="com.demo" />  
  
    <!--Provide support for conversion, formatting and validation -->  
    <mvc:annotation-driven/>  
  
<!-- Define Spring MVC view resolver -->  
<mvc:resources location="/WEB-INF/resources/"
		mapping="/resources/**" />
	<mvc:annotation-driven></mvc:annotation-driven>


	<!-- View Resolver -->
	<bean
		class="org.springframework.web.servlet.view.InternalResourceViewResolver">
		<property name="prefix" value="/WEB-INF/jsp/" />
		<property name="suffix" value=".jsp" />
	</bean>
	
	<bean class="org.springframework.orm.hibernate5.HibernateTransactionManager" id="transactionManager">
    <property name="sessionFactory" ref="sessionFactory"></property>
    </bean>
    <tx:annotation-driven/>
   
    <bean class="org.springframework.jdbc.datasource.DriverManagerDataSource" id="ds">
    <property name="driverClassName" value="com.mysql.cj.jdbc.Driver"/>
    <property name="url" value="jdbc:mysql://localhost:3306/springjdbc"/>
    <property name="username" value="root"/>
    <property name="password" value="root"/>
    </bean>
    
    <bean class="org.springframework.orm.hibernate5.LocalSessionFactoryBean" id="sessionFactory">
    <property name="dataSource" ref="ds"></property>
    <property name="hibernateProperties">
    <props>
    <prop key="hibernate.dialect">org.hibernate.dialect.MySQL8Dialect</prop>
    <prop key="hibernate.show_sql">true</prop>
    <prop key="hibernate.format_sql">true</prop>
    <prop key="hibernate.hbm2ddl.auto">update</prop>
    </props>
    </property>
    
    <property name="annotatedClasses">
    <list>
    <value>com.demo.model.Doc</value>
    <value>com.demo.model.Employee</value>
    <value>com.demo.model.RegistrationLogin</value>
    </list>
    </property>
    </bean>
    
     <bean class="org.springframework.orm.hibernate5.HibernateTemplate" id="ht">
     <property name="sessionFactory" ref="sessionFactory"/>
     </bean>
     
     
     <bean class="com.demo.dao.DocDao" id="stDao">
     <property name="ht" ref="ht"/>
     </bean>
     
      <bean class="com.demo.dao.RegistrationLoginDao" id="rDao">
     <property name="ht" ref="ht"/>
     </bean>
      <bean class="com.demo.dao.EmployeeDao" id="empDao">
     <property name="htemplate" ref="ht"/>
     </bean>
     

</beans>  